StartingPoint;EndPoint;RoadName;Direction;Longitude;Latitude;Geopoint;TrafficLoopID;EdgeID;TrafficLoopCode;TrafficLoopLevel
21;84;VIA CESARE BATTISTI;N;11.338.970.003.537;444.952.505.129.043;44.4952505129043, 11.338970003537;2;23276104;0.127 1.12 8 1;1
10550;14577;VIA S.DONATO;NE;1.136.840.727.872;445.038.214.672.444;44.5038214672444, 11.36840727872;613;-217109091#1;3.41 3.40 6 1;1
10472;15537;VIA S.DONATO;SO;113.619.295.394.478;445.023.395.686.837;44.5023395686837, 11.3619295394478;626;-32003370#1;3.46 3.49 2 1;1
16743;16744;VIALE ANGELO MASINI;NO;113.491.339.958.475;445.038.321.864.309;44.5038321864309, 11.3491339958475;646;23288767#6;3.54 3.25 4 1;1
6493;6296;VIA PIETRO ALBERTONI;SO;11.364.663.308.063;444.918.173.619.442;44.4918173619442, 11.364663308063;844;24148583;4.6 0.127 8 1;1
6493;6497;VIA GIUSEPPE MASSARENTI;O;113.644.681.870.776;444.922.478.994.202;44.4922478994202, 11.3644681870776;847;23275345#0;4.6 4.8 2 1;1
10306;16750;VIALE CARLO BERTI PICHAT;E;113.533.340.864.516;445.019.966.819.794;44.5019966819794, 11.3533340864516;591;34395278#0;3.33 3.51 8 1;1
10310;10365;VIA GIACOMO MATTEOTTI;N;113.462.085.211.734;445.071.637.543.744;44.5071637543744, 11.3462085211734;550;28771409;3.21 3.21 6 1;1
16721;17477;VIALE PIETRO PIETRAMELLARA;O;113.423.892.562.216;445.053.200.162.569;44.5053200162569, 11.3423892562216;567;150018091#1;3.25 3.52 4 1;1
10239;14167;PIAZZA XX SETTEMBRE;E;113.460.270.545.661;445.045.986.415.698;44.5045986415698, 11.3460270545661;568;23184327#1;3.25 3.54 8 1;1
10596;14552;VIA STALINGRADO;S;113.553.386.803.718;44.507.538.306.608;44.507538306608, 11.3553386803718;587;39673908#1;3.32 3.33 2 1;1
10282;10285;VIA MASCARELLA;S;113.506.269.985.056;44.499.881.148.648;44.499881148648, 11.3506269985056;589;34395064#2;3.33 1.2 2 1;1
6436;6447;VIA MAZZINI;O;113.688.667.208.871;444.857.601.759.854;44.4857601759854, 11.3688667208871;719;253811695#2;4.16 4.17 2 1;1
6437;6450;VIA LAURA BASSI VERATTI;SO;11.368.146.989.867;444.842.744.795.473;44.4842744795473, 11.368146989867;909;23296256#1;4.93 4.39 8 2;1
16771;16768;VIALE GIOVANNI GOZZADINI;E;113.496.520.720.243;444.851.510.112.396;44.4851510112396, 11.3496520720243;811;135982510#0;4.44 4.41 4 1;1
6358;16328;VIA DANTE;E;113.581.757.757.654;444.873.862.282.118;44.4873862282118, 11.3581757757654;808;-135982498#0;4.43 4.95 6 1;1
6346;6347;VIALE GIOVANNI GOZZADINI;O;113.554.769.864.748;444.846.020.155.325;44.4846020155325, 11.3554769864748;801;135982489;4.41 4.44 8 1;1
6436;6457;VIA PIETRO MENGOLI;N;113.692.907.200.912;444.857.828.065.715;44.4857828065715, 11.3692907200912;720;23510937;4.16 4.86 4 1;1
6374;6373;VIA MAZZINI;E;113.626.671.793.686;444.880.373.552.272;44.4880373552272, 11.3626671793686;726;149955205#2;4.18 4.17 6 1;1
6374;6363;PIAZZA TRENTO E TRIESTE;S;113.623.634.887.564;444.880.376.015.462;44.4880376015462, 11.3623634887564;728;-260210046;4.18 4.95 8 1;1
16758;6475;VIALE GIAN BATTISTA ERCOLANI;N;113.576.145.615.716;444.907.515.867.996;44.4907515867996, 11.3576145615716;731;83078456#0;4.19 4.9 4 1;1
6400;6401;VIA LAURA BASSI VERATTI;SO;113.670.159.912.373;444.825.933.334.386;44.4825933334386, 11.3670159912373;791;132106763;4.39 4.31 8 1;1
16719;10164;VIA AMEDEO PARMEGGIANI;O;11.334.154.495.013;445.033.996.741.291;44.5033996741291, 11.334154495013;664;34524142#2;3.8 3.6 6 1;1
6549;6547;VIA MASSENZIO MASIA;E;113.639.030.753.375;444.972.438.606.922;44.4972438606922, 11.3639030753375;297;299421433;0.127 4.7 6 1;1
16758;6475;VIALE GIAN BATTISTA ERCOLANI;N;113.572.791.735.248;444.935.843.360.608;44.4935843360608, 11.3572791735248;326;301242139;0.127 4.9 10 1;2
6379;6400;VIA GIUSEPPE MEZZOFANTI;O;113.674.104.651.167;44.482.664.056.567;44.482664056567, 11.3674104651167;261;32497919#2;0.127 4.39 2 1;1
14935;10507;VIA ERMETE ZACCONI;SE;113.648.198.856.497;445.040.583.577.683;44.5040583577683, 11.3648198856497;160;25155146#2;0.127 3.42 8 1;1
8814;8839;VIA VITTORIO VENETO;N;113.215.733.072.765;445.009.942.351.004;44.5009942351004, 11.3215733072765;60;-23289817;0.127 2.33 6 1;1
27;16657;VIA MALPERTUSO;S;113.336.294.462.509;444.889.905.210.763;44.4889905210763, 11.3336294462509;279;23276195#0;0.127 4.47 6 1;1
6363;6374;PIAZZA TRENTO E TRIESTE;N;113.618.591.024.157;444.872.279.237.758;44.4872279237758, 11.3618591024157;916;260210045;4.95 4.18 4 1;1
8838;8835;VIA AURELIO SAFFI;E;11.324.532.869.825;445.001.722.736.237;44.5001722736237, 11.324532869825;481;23289608#3;2.34 2.35 8 1;1
15233;8834;VIA AURELIO SAFFI;O;113.266.685.739.012;444.994.937.005.152;44.4994937005152, 11.3266685739012;484;23289608#0;2.35 2.34 4 1;1
4657;4539;VIA SARAGOZZA;SO;113.208.167.613.095;444.896.143.680.428;44.4896143680428, 11.3208167613095;518;40062856;2.95 2.4 6 1;1
4539;4657;VIA SARAGOZZA;NE;113.209.092.063.132;444.895.928.457.479;44.4895928457479, 11.3209092063132;519;96199140#3;2.95 2.5 2 1;1
10164;10225;VIA FRANCESCO ZANARDI;NO;113.324.380.441.526;445.039.069.666.396;44.5039069666396, 11.3324380441526;654;23296535#5;3.6 3.5 6 1;1
15170;15174;VIA IRNERIO;E;113.473.933.293.812;44.500.438.454.732;44.500438454732, 11.3473933293812;368;-260481406#8;1.4 1.3 8 1;1
10245;15168;VIA IRNERIO;E;113.464.045.268.346;445.006.745.125.564;44.5006745125564, 11.3464045268346;370;-260481406#9;1.4 1.4 8 1;1
10245;10246;VIA IRNERIO;O;113.460.261.260.327;445.008.471.200.629;44.5008471200629, 11.3460261260327;371;260481406#10;1.4 1.5 4 1;1
87;81;PIAZZA MALPIGHI;N;113.368.384.334.514;444.956.026.276.631;44.4956026276631, 11.3368384334514;379;-183743755;1.8 1.11 6 1;1
10202;10200;VIA DELLE LAME;NO;11.333.447.903.251;445.020.728.531.246;44.5020728531246, 11.333447903251;346;39216791#3;1.10 3.7 6 2;1
6257;6140;PIAZZA ALDROVANDI;S;113.518.989.012.041;444.940.776.815.813;44.4940776815813, 11.3518989012041;356;23271629#0;1.16 1.17 8 1;1
6111;6112;VIA GUERRAZZI;S;11.351.582.172.542;444.920.624.946.021;44.4920624946021, 11.351582172542;358;23184464#0;1.17 1.82 8 1;1
6143;6142;VIA DELL'INDIPENDENZA;N;113.426.627.722.195;444.950.576.691.206;44.4950576691206, 11.3426627722195;384;-8116113#9;1.80 1.5 6 1;1
117;6047;VIA MARSILI;E;113.411.645.442.514;444.900.102.626.705;44.4900102626705, 11.3411645442514;355;23271767#0;1.14 1.15 4 1;1
6135;6137;VIA BORGONUOVO;NE;113.509.026.754.331;444.923.692.879.684;44.4923692879684, 11.3509026754331;10;23276410#1;0.127 1.17 4 1;1
15179;15170;VIA DEL PALLONE;S;113.474.244.254.298;445.008.152.038.968;44.5008152038968, 11.3474244254298;15;236093296#1;0.127 1.4 2 1;1
10507;17460;VIA S.DONATO;NE;113.652.312.853.814;445.039.553.116.973;44.5039553116973, 11.3652312853814;615;40872975#2;3.42 3.41 6 1;1
10472;10473;VIA S.DONATO;NE;113.626.270.923.076;445.026.727.090.588;44.5026727090588, 11.3626270923076;624;77960510#0;3.46 3.42 6 1;1
16749;16748;VIALE CARLO BERTI PICHAT;NO;113.560.975.779.452;44.501.147.821.906;44.501147821906, 11.3560975779452;639;23288787#3;3.51 3.33 4 1;1
16750;16751;VIALE CARLO BERTI PICHAT;S;113.562.023.758.483;445.006.833.594.316;44.5006833594316, 11.3562023758483;640;34395278#1;3.51 3.50 7 1;1
16750;16751;VIALE CARLO BERTI PICHAT;S;113.561.677.172.331;445.006.846.033.571;44.5006846033571, 11.3561677172331;641;34395278#1;3.51 3.50 8 1;1
10229;16717;VIA CESARE BOLDRINI;O;113.389.815.829.378;44.504.894.787.135;44.504894787135, 11.3389815829378;645;-150608#0;3.52 3.9 6 1;1
10230;17479;VIALE PIETRO PIETRAMELLARA;E;113.417.436.594.088;445.053.500.470.034;44.5053500470034, 11.3417436594088;643;43469290;3.52 3.25 8 1;1
15198;10330;VIALE ANGELO MASINI;SE;113.509.146.910.634;445.029.340.213.656;44.5029340213656, 11.3509146910634;648;23184327#4;3.54 3.33 8 1;1
6572;6575;VIA GIUSEPPE MASSARENTI;O;113.664.465.460.934;444.926.304.041.541;44.4926304041541, 11.3664465460934;830;-119742504#1;4.5 4.6 2 2;1
6550;15539;VIA LIBIA;N;113.656.485.526.299;444.975.747.924.864;44.4975747924864, 11.3656485526299;854;-24589437#0;4.7 3.45 4 1;1
16002;6534;VIA LIBIA;S;113.656.500.588.209;444.959.845.335.512;44.4959845335512, 11.3656500588209;855;24589437#2;4.7 4.6 8 1;1
10489;15568;VIA STALINGRADO;N;113.530.300.177.921;445.026.709.559.231;44.5026709559231, 11.3530300177921;590;-23332076#1;3.33 3.32 6 1;1
10596;13920;VIA STALINGRADO;N;113.556.532.075.512;445.080.530.082.146;44.5080530082146, 11.3556532075512;585;-39673908#0;3.32 3.30 6 1;1
15486;16716;VIA PAOLO BOVI CAMPEGGI;O;113.370.712.758.788;445.051.651.583.591;44.5051651583591, 11.3370712758788;679;148678215#0;3.9 0.127 6 1;1
16717;10230;VIALE PIETRO PIETRAMELLARA;NE;113.388.308.573.875;445.052.920.964.529;44.5052920964529, 11.3388308573875;680;151824736#2;3.9 3.52 8 1;1
16723;15570;VIA GIACOMO MATTEOTTI;N;11.345.605.840.437;445.051.473.712.216;44.5051473712216, 11.345605840437;564;23184329#0;3.25 3.21 6 1;1
10596;13920;VIA STALINGRADO;N;113.555.282.015.322;445.079.150.722.029;44.5079150722029, 11.3555282015322;586;39673908#0;3.32 3.32 2 3;1
6476;6474;VIA GIOVANNA ZACCHERINI ALVISI;N;113.605.470.479.019;444.932.095.746.169;44.4932095746169, 11.3605470479019;864;23213604#0;4.8 0.127 4 1;1
6476;16169;VIA GIUSEPPE MASSARENTI;NO;113.602.888.451.438;44.493.202.720.922;44.493202720922, 11.3602888451438;865;23275345#6;4.8 4.9 2 1;1
6475;16757;PIAZZA DI PORTA S.VITALE;N;113.572.051.758.316;444.941.315.096.865;44.4941315096865, 11.3572051758316;895;23210836#0;4.9 3.50 4 1;1
6400;16338;VIA GIUSEPPE MEZZOFANTI;NO;113.667.176.695.924;444.829.285.635.813;44.4829285635813, 11.3667176695924;792;132106761#0;4.39 4.40 2 1;1
16767;16766;VIALE GIOSUE' CARDUCCI;SO;113.577.870.726.647;444.856.164.898.333;44.4856164898333, 11.3577870726647;803;23288872#5;4.42 4.41 8 1;1
6358;6357;VIALE GIOSUE' CARDUCCI;N;113.579.148.059.143;444.875.616.072.423;44.4875616072423, 11.3579148059143;806;23288888#3;4.43 4.19 4 1;1
16668;16666;VIALE ENRICO PANZACCHI;E;113.446.657.559.792;444.857.569.454.701;44.4857569454701, 11.3446657559792;814;23288923#2;4.45 4.44 4 1;1
16657;16652;VIALE ANTONIO ALDINI;NO;113.330.972.864.426;444.889.773.127.449;44.4889773127449, 11.3330972864426;820;23288931#4;4.47 2.6 8 1;1
6564;6365;VIA FILIPPO SCHIASSI;O;11.366.852.870.170.100;4.448.919.574.976.590;44.48919574976592, 11.366852870170122;876;260210806#2;4.86 4.87 2 1;1
6562;6365;VIA PELAGIO PALAGI;N;11.366.198.373.070.200;4.448.954.045.339.870;44.48954045339875, 11.366198373070214;880;23275370#3;4.87 4.88 4 1;1
6363;6370;PIAZZA TRENTO E TRIESTE;O;113.613.621.979.951;444.872.267.306.038;44.4872267306038, 11.3613621979951;917;150052414#0;4.95 4.43 2 1;1
6363;16331;VIA LEANDRO ALBERTI;E;113.621.500.984.113;444.868.432.793.297;44.4868432793297, 11.3621500984113;918;-150052413#1;4.95 4.94 6 1;1
16759;16760;VIALE GIAN BATTISTA ERCOLANI;S;113.570.501.201.105;444.936.020.201.609;44.4936020201609, 11.3570501201105;896;23213150#1;4.9 4.19 8 1;1
6436;6437;VIA LAURA BASSI VERATTI;SO;113.689.627.200.264;444.854.695.973.734;44.4854695973734, 11.3689627200264;721;23296256#0;4.16 4.93 8 1;1
6435;6369;VIA ERNESTO MASI;SO;113.662.227.082.545;444.865.385.884.469;44.4865385884469, 11.3662227082545;725;23296246;4.17 4.94 8 1;1
10163;10231;VIALE PIETRO PIETRAMELLARA;NE;113.352.837.495.726;445.034.933.840.525;44.5034933840525, 11.3352837495726;666;131881840#2;3.8 3.9 8 1;1
6374;16321;VIA MAZZINI;O;113.622.854.366.802;444.882.460.506.983;44.4882460506983, 11.3622854366802;727;149955205#1;4.18 4.19 2 1;1
6301;15062;VIA AUGUSTO MURRI;SE;113.589.294.955.386;444.828.926.506.319;44.4828926506319, 11.3589294955386;774;135982515#5;4.33 4.32 6 1;1
14905;15572;VIA FRANCESCO ZANARDI;NE;113.307.191.675.915;445.065.977.216.555;44.5065977216555, 11.3307191675915;634;23296535#8;3.5 3.4 6 1;1
14905;10225;VIA FRANCESCO ZANARDI;SE;113.311.753.655.196;445.056.966.384.686;44.5056966384686, 11.3311753655196;609;-23296535#7;3.4 3.5 2 2;1
6474;6476;VIA GIOVANNA ZACCHERINI ALVISI;S;113.605.177.839.404;44.493.348.493.034;44.493348493034, 11.3605177839404;313;23213604#0;0.127 4.8 8 1;1
6344;16762;VIA DANTE;E;113.575.279.049.738;444.873.319.692.205;44.4873319692205, 11.3575279049738;265;-135982498#4;0.127 4.43 6 1;1
16816;10229;VIA CESARE BOLDRINI;O;113.413.820.511.251;445.044.936.353.516;44.5044936353516, 11.3413820511251;170;148678210#2;0.127 3.52 4 1;1
4663;4664;VIA ALESSANDRO GUIDOTTI;S;113.260.133.446.752;444.905.328.608.867;44.4905328608867, 11.3260133446752;70;35204667#2;0.127 2.5 4 1;1
16675;16677;VIALE CARLO PEPOLI;N;113.287.720.902.502;444.937.218.654.403;44.4937218654403, 11.3287720902502;27;23837909#5;0.127 2.10 10 1;2
16683;16679;VIALE GIOVANNI VICINI;SE;11.328.173.238.949;444.948.641.751.239;44.4948641751239, 11.328173238949;28;23288957#5;0.127 2.10 10 2;2
5978;5969;VIA ALFONSO RUBBIANI;S;113.445.173.357.761;44.486.100.720.565;44.486100720565, 11.3445173357761;270;236468429#2;0.127 4.45 6 1;1
10208;10163;VIA DON GIOVANNI MINZONI;O;11.335.322.475.296;445.031.859.752.796;44.5031859752796, 11.335322475296;186;-150606#0;0.127 3.8 6 1;1
5976;5969;VIALE ENRICO PANZACCHI;NO;113.445.650.984.305;444.859.117.290.496;44.4859117290496, 11.3445650984305;272;135982476#1;0.127 4.45 10 2;2
8839;8814;VIA VITTORIO VENETO;SO;113.215.190.419.811;445.010.742.719.742;44.5010742719742, 11.3215190419811;476;23289817;2.33 0.127 2 1;1
16684;16686;VIALE GIOVANNI VICINI;S;113.268.760.258.863;44.498.954.845.287;44.498954845287, 11.3268760258863;483;151772099;2.35 2.21 6 1;1
15767;4727;VIA SABOTINO;E;113.237.550.845.001;444.970.385.266.486;44.4970385266486, 11.3237550845001;495;323422052#0;2.40 2.21 8 1;1
16679;6028;VIALE CARLO PEPOLI;SE;113.283.224.582.864;444.944.770.870.484;44.4944770870484, 11.3283224582864;402;23288944#0;2.10 2.6 6 1;1
16678;56;PIAZZA DI PORTA S.ISAIA;E;11.328.674.717.615;44.494.620.361.561;44.494620361561, 11.328674717615;400;23271744;2.10 1.11 4 1;1
10285;10296;VIA IRNERIO;E;113.506.167.328.376;444.996.257.932.061;44.4996257932061, 11.3506167328376;362;-260481406#4;1.2 1.1 8 1;1
15170;15168;VIA IRNERIO;O;113.471.054.934.818;445.005.935.358.197;44.5005935358197, 11.3471054934818;369;260481406#9;1.4 1.4 4 1;1
13540;13570;VIA RIVA DI RENO;NE;11.331.481.319.828;444.980.639.850.571;44.4980639850571, 11.331481319828;396;33831424;1.9 1.10 8 1;1
6111;6134;STRADA MAGGIORE;SE;113.518.762.322.519;444.921.941.951.827;44.4921941951827, 11.3518762322519;359;260898977#0;1.17 4.19 6 1;1
6142;145;VIA UGO BASSI;O;113.423.397.141.025;444.949.821.149.014;44.4949821149014, 11.3423397141025;383;32479333#0;1.80 1.12 6 1;1
13517;88;VIA UGO BASSI;E;113.372.547.926.228;44.495.704.939.559;44.495704939559, 11.3372547926228;380;-32942500#1;1.8 1.12 2 1;1
33;36;VIA URBANA;E;113.398.356.513.878;444.901.162.203.284;44.4901162203284, 11.3398356513878;5;-23271762#2;0.127 1.14 4 1;1
16640;16656;PIAZZA DI PORTA S.MAMOLO;NO;113.390.206.758.832;444.866.906.050.182;44.4866906050182, 11.3390206758832;819;23295986#1;4.46 4.47 8 1;1
16642;16669;VIALE ENRICO PANZACCHI;E;113.425.064.876.232;444.860.039.004.428;44.4860039004428, 11.3425064876232;271;292179033#7;0.127 4.45 10 1;2
6368;6351;LARGO MARIELE VENTRE;O;113.583.698.699.594;444.860.825.007.459;44.4860825007459, 11.3583698699594;264;150029324;0.127 4.42 2 1;1
10477;6547;VIA GIUSEPPE BENTIVOGLI;S;113.640.751.869.437;444.974.920.495.079;44.4974920495079, 11.3640751869437;298;32566032;0.127 4.7 8 1;1
16000;6547;VIA GIUSEPPE BENTIVOGLI;N;113.642.360.557.224;444.971.209.607.436;44.4971209607436, 11.3642360557224;296;-299421427#0;0.127 4.7 4 1;1
17518;16625;VIALE ALDO MORO;NO;113.644.494.581.845;445.071.286.928.842;44.5071286928842, 11.3644494581845;213;216686365;0.127 3.91 4 1;1
16003;16002;VIA SANTE VINCENZI;O;113.659.484.700.695;444.962.568.364.728;44.4962568364728, 11.3659484700695;295;-32566100#0;0.127 4.7 2 1;1
16678;16693;VIALE GIOVANNI VICINI;NO;113.283.987.885.526;44.494.907.669.431;44.494907669431, 11.3283987885526;401;23288945#0;2.10 2.21 6 1;1
4665;4651;VIA SARAGOZZA;O;113.258.609.026.138;444.903.451.512.572;44.4903451512572, 11.3258609026138;497;96199140#1;2.5 2.95 6 1;1
4664;15712;VIA SARAGOZZA;E;113.262.840.081.656;444.902.829.674.151;44.4902829674151, 11.3262840081656;496;156231178#3;2.5 2.6 2 1;1
6138;6137;STRADA MAGGIORE;SE;113.507.808.619.747;44.492.571.937.379;44.492571937379, 11.3507808619747;389;11480374#9;1.81 1.17 6 2;1
13541;6214;STRADA MAGGIORE;SE;113.466.950.886.085;444.940.929.520.574;44.4940929520574, 11.3466950886085;388;11480374#0;1.81 1.17 6 1;1
6142;6166;VIA RIZZOLI;E;113.427.806.045.619;444.948.279.343.394;44.4948279343394, 11.3427806045619;386;-32942505#7;1.80 1.81 2 1;1
84;79;VIA UGO BASSI;O;113.387.350.245.924;444.955.401.496.078;44.4955401496078, 11.3387350245924;351;32942500#0;1.12 1.8 6 1;1
100;15719;VIA GUGLIELMO MARCONI;N;113.374.391.221.777;444.965.862.496.247;44.4965862496247, 11.3374391221777;381;80655879#1;1.8 1.18 6 1;1
10285;15185;VIA IRNERIO;O;113.503.575.936.824;444.997.826.599.602;44.4997826599602, 11.3503575936824;363;260481406#5;1.2 1.3 4 1;1
16682;16683;VIALE GIOVANNI VICINI;S;113.275.349.874.958;444.968.992.842.874;44.4968992842874, 11.3275349874958;442;23288957#4;2.21 2.10 6 1;1
10473;10472;VIA S.DONATO;SO;11.363.747.753.325;44.503.327.968.489;44.503327968489, 11.363747753325;163;77960510#0;0.127 3.46 10 1;2
6039;6028;VIA FRANCESCO RONCATI;E;113.282.993.665.462;444.937.079.783.006;44.4937079783006, 11.3282993665462;26;-231109180#0;0.127 2.10 8 1;1
6353;6299;VIA AUGUSTO MURRI;SE;113.569.282.955.534;44.484.174.704.252;44.484174704252, 11.3569282955534;799;27235474;4.41 4.33 6 1;1
6352;6351;VIALE GIOSUE' CARDUCCI;NE;113.570.871.308.025;444.850.088.582.394;44.4850088582394, 11.3570871308025;800;135982478;4.41 4.42 4 1;1
16764;16767;VIALE GIOSUE' CARDUCCI;S;113.578.224.490.571;444.868.707.985.229;44.4868707985229, 11.3578224490571;807;23288872#4;4.43 4.42 8 1;1
16667;5976;VIALE ENRICO PANZACCHI;O;113.468.934.808.921;444.856.263.849.042;44.4856263849042, 11.3468934808921;812;135982476#1;4.44 4.45 8 1;1
5968;16671;VIALE ENRICO PANZACCHI;O;11.342.337.785.016;444.861.740.041.159;44.4861740041159, 11.342337785016;815;135982476#4;4.45 4.46 8 1;1
16642;5927;VIA S.MAMOLO;S;113.394.786.003.338;444.861.244.548.773;44.4861244548773, 11.3394786003338;816;-31322298#6;4.46 0.127 6 1;1
14721;8839;VIA INNOCENZO MALVASIA;SO;113.216.426.062.022;445.012.616.462.669;44.5012616462669, 11.3216426062022;61;27032657#2;0.127 2.33 10 1;2
10175;10177;VIA LUIGI CALORI;O;113.307.404.153.447;445.006.446.666.916;44.5006446666916, 11.3307404153447;64;281681811#1;0.127 2.38 6 1;1
10330;16745;VIALE ANGELO MASINI;SE;113.522.004.383.547;445.024.117.698.549;44.5024117698549, 11.3522004383547;143;23184327#5;0.127 3.33 10 1;2
13923;10596;VIA DEL LAVORO;O;113.557.289.516.272;445.077.298.694.167;44.5077298694167, 11.3557289516272;142;-24266527#0;0.127 3.32 4 1;1
15762;10310;VIA DE' CARRACCI;E;113.458.095.970.625;445.069.667.610.567;44.5069667610567, 11.3458095970625;126;23277216#5;0.127 3.21 8 1;1
16716;16733;VIA PAOLO BOVI CAMPEGGI;N;113.371.420.330.943;445.050.913.042.932;44.5050913042932, 11.3371420330943;102;-148678215#0;0.127 3.9 2 1;1
16642;16669;VIALE ENRICO PANZACCHI;E;113.400.679.866.928;444.862.876.958.404;44.4862876958404, 11.3400679866928;818;292179033#7;4.46 4.45 4 1;1
16680;15305;VIALE GIOVANNI VICINI;N;113.276.196.333.253;444.972.874.200.715;44.4972874200715, 11.3276196333253;443;23288945#4;2.21 2.35 8 1;1
17518;16625;VIALE ALDO MORO;NO;11.364.133.058.346;445.074.405.486.193;44.5074405486193, 11.364133058346;682;216686365;3.91 3.31 4 1;1
15198;10330;VIALE ANGELO MASINI;SE;113.509.310.151.717;44.502.954.297.571;44.502954297571, 11.3509310151717;647;23184327#4;3.54 3.33 7 1;1
17477;16729;VIALE PIETRO PIETRAMELLARA;O;113.411.825.676.299;445.055.165.386.155;44.5055165386155, 11.3411825676299;644;80655884#0;3.52 3.9 4 1;1
10509;17406;VIA RUGGERO RUGGERI;NE;113.617.986.946.849;445.053.455.215.704;44.5053455215704, 11.3617986946849;630;-56061733#2;3.48 3.47 6 1;1
10503;10501;VIA DEL LAVORO;SE;113.602.473.392.686;445.043.796.829.685;44.5043796829685, 11.3602473392686;629;41277856#0;3.48 3.46 8 1;1
17406;10509;VIA RUGGERO RUGGERI;SO;113.616.569.340.703;445.053.596.507.755;44.5053596507755, 11.3616569340703;628;56061733#2;3.47 3.48 2 1;1
10472;10471;VIA ROMOLO AMASEO;E;113.628.910.381.438;445.022.271.945.613;44.5022271945613, 11.3628910381438;625;23621960#1;3.46 3.45 8 1;1
10471;10482;PIAZZA ADAM MICKIEWICZ;SE;113.649.515.988.678;445.017.697.010.974;44.5017697010974, 11.3649515988678;623;41277857#0;3.45 4.7 8 1;1
6575;6572;VIA GIUSEPPE MASSARENTI;E;113.663.460.561.285;44.492.551.360.397;44.492551360397, 11.3663460561285;845;119742504#0;4.6 4.5 6 1;1
6575;14955;VIA LIBIA;N;113.659.863.782.663;444.928.140.792.653;44.4928140792653, 11.3659863782663;846;-24589437#10;4.6 4.7 4 1;1
6475;16169;VIA GIUSEPPE MASSARENTI;E;113.576.701.747.149;444.939.334.882.945;44.4939334882945, 11.3576701747149;898;23275345#10;4.9 4.8 6 1;1
6435;6453;VIA MAZZINI;E;113.666.149.694.305;444.865.236.525.277;44.4865236525277, 11.3666149694305;722;253811695#5;4.17 4.16 6 1;1
6435;6366;VIA MAZZINI;O;1.136.606.510.483;444.867.936.082.734;44.4867936082734, 11.36606510483;723;149955205#4;4.17 4.18 2 1;1
6468;16319;VIA MAZZINI;E;113.583.559.634.235;444.897.501.701.348;44.4897501701348, 11.3583559634235;729;149955205#0;4.19 4.18 6 1;1
16765;16761;VIALE GIOSUE' CARDUCCI;S;113.575.423.947.453;444.893.377.631.406;44.4893377631406, 11.3575423947453;730;23288872#0;4.19 4.43 8 1;1
10474;13590;VIA DELL'ARTIGIANO;NE;113.653.720.481.785;445.022.594.792.447;44.5022594792447, 11.3653720481785;622;199915505#0;3.45 3.43 6 1;1
10474;10473;VIA ERMANNO GALEOTTI;NO;11.364.946.592.998;445.022.374.694.553;44.5022374694553, 11.364946592998;621;23815777;3.45 3.42 4 1;1
10550;13937;VIA S.DONATO;NO;113.671.472.559.715;445.038.726.187.642;44.5038726187642, 11.3671472559715;614;40872975#1;3.41 3.42 2 1;1
16695;16698;VIALE ANTONIO SILVANI;NE;11.330.518.010.785;445.010.668.033.697;44.5010668033697, 11.330518010785;491;151824722#0;2.38 3.7 8 1;1
10159;15234;VIALE ANTONIO SILVANI;SO;113.294.927.544.257;445.007.251.431.592;44.5007251431592, 11.3294927544257;490;151824728#0;2.38 2.35 4 1;1
13919;10164;VIA FRANCESCO ZANARDI;NO;113.330.778.623.208;445.029.262.976.651;44.5029262976651, 11.3330778623208;661;23296535#3;3.7 3.6 6 1;1
16696;16702;VIALE ANTONIO SILVANI;NE;113.275.922.602.577;444.996.245.123.973;44.4996245123973, 11.3275922602577;485;23288960#3;2.35 2.38 8 1;1
8839;14721;VIA INNOCENZO MALVASIA;N;113.218.017.649.932;445.013.661.662.167;44.5013661662167, 11.3218017649932;477;-27032657#2;2.33 0.127 6 1;1
8838;8845;VIA AURELIO SAFFI;O;113.239.415.903.186;445.004.735.823.277;44.5004735823277, 11.3239415903186;480;23289608#4;2.34 2.33 4 1;1
10163;10208;VIA DON GIOVANNI MINZONI;E;113.352.084.138.379;445.031.396.394.546;44.5031396394546, 11.3352084138379;663;34547773;3.8 0.127 2 1;1
16719;10165;VIALE PIETRO PIETRAMELLARA;SO;113.341.949.740.306;44.503.136.032.281;44.503136032281, 11.3341949740306;665;132006073#0;3.8 3.7 4 1;1
16740;16747;VIALE ANGELO MASINI;O;113.521.598.288.255;445.025.828.252.444;44.5025828252444, 11.3521598288255;592;23288767#0;3.33 3.54 4 1;1
17478;10311;VIALE PIETRO PIETRAMELLARA;E;113.439.423.895.667;445.049.648.841.542;44.5049648841542, 11.3439423895667;566;293298723#1;3.25 3.25 8 1;1
16723;16727;PIAZZA XX SETTEMBRE;O;113.449.534.559.094;445.049.265.403.931;44.5049265403931, 11.3449534559094;565;23277071#0;3.25 3.25 4 1;1
10320;16721;PIAZZA DELLE MEDAGLIE D'ORO;S;113.426.488.770.414;445.053.906.447.778;44.5053906447778, 11.3426488770414;560;149899452#0;3.25 0.127 1 1;1
10310;15570;VIA GIACOMO MATTEOTTI;S;113.459.581.931.791;44.506.721.871.953;44.506721871953, 11.3459581931791;552;41277870#1;3.21 3.25 2 1;1
10473;14933;VIALE DELLA REPUBBLICA;NO;113.640.024.731.671;445.036.925.948.154;44.5036925948154, 11.3640024731671;617;-39673910;3.42 3.47 4 1;1
6436;16317;VIA MAZZINI;E;113.694.071.195.436;444.855.032.333.141;44.4855032333141, 11.3694071195436;718;253811695#0;4.16 4.15 6 1;1
6437;6446;VIA LEANDRO ALBERTI;O;113.680.495.585.809;444.845.847.860.172;44.4845847860172, 11.3680495585809;911;49403726#2;4.93 4.94 2 1;1
6563;6562;VIA CARLO ALBERTO PIZZARDI;SE;1.136.642.615.151.490;4.449.063.628.895.750;44.49063628895752, 11.36642615151493;884;55302015#0;4.88 4.86 6 2;1
6558;6562;VIA PELAGIO PALAGI;N;11.366.095.334.670.000;4.449.091.425.974.860;44.49091425974863, 11.366095334670003;882;55302014#0;4.88 4.6 4 2;1
6454;6365;VIA PELAGIO PALAGI;S;11.366.171.516.279.600;44.489.052.109.413.200;44.489052109413294, 11.366171516279632;879;-23275370#2;4.87 4.17 8 2;1
15231;15635;VIA S.FELICE;SE;113.278.724.580.295;444.989.805.631.524;44.4989805631524, 11.3278724580295;482;33832076;2.35 1.9 2 1;1
10158;16697;VIALE ANTONIO SILVANI;SO;113.322.047.011.224;445.021.303.998.721;44.5021303998721, 11.3322047011224;660;23288757#2;3.7 2.38 4 1;1
16750;16751;VIALE CARLO BERTI PICHAT;S;113.564.315.384.379;444.987.748.052.734;44.4987748052734, 11.3564315384379;168;34395278#1;0.127 3.50 10 1;2
191;193;VIA RIVA DI RENO;E;113.355.035.956.399;444.983.502.636.748;44.4983502636748, 11.3355035956399;397;33831421#3;1.9 1.10 8 2;1
17074;195;VIA RIVA DI RENO;NE;113.361.015.838.849;444.985.433.372.994;44.4985433372994, 11.3361015838849;342;151766115#0;1.10 1.18 8 1;1
6345;6355;VIA S.STEFANO;SE;113.559.501.572.473;444.849.629.869.879;44.4849629869879, 11.3559501572473;263;135982512#2;0.127 4.41 6 1;1
6331;6301;VIA GIOVAN BATTISTA GANDINO;NE;113.584.440.126.321;444.827.843.221.294;44.4827843221294, 11.3584440126321;249;98387481#0;0.127 4.33 4 1;1
13540;15635;VIA S.FELICE;NO;113.307.270.636.654;444.980.414.260.355;44.4980414260355, 11.3307270636654;394;33832076;1.9 0.127 6 1;1
10461;10297;VIA IRNERIO;O;113.541.905.267.056;444.988.352.006.824;44.4988352006824, 11.3541905267056;340;-32242298;1.1 1.2 4 1;1
15519;10503;VIA VEZZA;NE;113.598.279.114.909;44.504.380.073.977;44.504380073977, 11.3598279114909;165;53238691#2;0.127 3.48 6 1;1
16753;6503;VIALE QUIRICO FILOPANTI;S;113.565.484.646.688;444.977.828.910.658;44.4977828910658, 11.3565484646688;638;23288823#0;3.50 4.9 8 1;1
10459;14572;VIALE CARLO BERTI PICHAT;N;113.566.283.063.017;444.990.495.654.068;44.4990495654068, 11.3566283063017;637;23288787#0;3.50 3.51 4 1;1
10464;10461;VIA G.BATTISTA DE ROLANDIS;N;113.541.657.967.424;444.985.349.106.485;44.4985349106485, 11.3541657967424;1;23183657;0.127 1.1 6 1;1
10460;10461;VIA IRNERIO;O;113.554.272.214.055;444.984.932.059.706;44.4984932059706, 11.3554272214055;635;260481406#0;3.50 1.1 2 2;1
192;191;VIA RIVA DI RENO;O;113.352.662.215.662;444.986.402.189.515;44.4986402189515, 11.3352662215662;343;80655883#0;1.10 1.9 4 1;1
10461;10460;VIA IRNERIO;E;113.544.256.459.412;444.986.745.500.237;44.4986745500237, 11.3544256459412;341;-260481406#1;1.1 3.50 6 1;1
